{
    "1-1": [
        35,
        35,
        114,
        114
    ],
    "1-2": [
        149,
        35,
        228,
        114
    ],
    "1-3": [
        263,
        35,
        342,
        114
    ],
    "1-4": [
        377,
        35,
        456,
        114
    ],
    "1-5": [
        491,
        35,
        570,
        114
    ],
    "1-6": [
        605,
        35,
        684,
        114
    ],
    "1-7": [
        719,
        35,
        798,
        114
    ],
    "1-8": [
        833,
        35,
        912,
        114
    ],
    "1-9": [
        947,
        35,
        1026,
        114
    ],
    "1-10": [
        1061,
        35,
        1140,
        114
    ],
    "1-11": [
        1175,
        35,
        1254,
        114
    ],
    "1-12": [
        35,
        149,
        114,
        228
    ],
    "1-13": [
        149,
        149,
        228,
        228
    ],
    "1-14": [
        263,
        149,
        342,
        228
    ],
    "1-15": [
        377,
        149,
        456,
        228
    ],
    "1-16": [
        491,
        149,
        570,
        228
    ],
    "1-17": [
        605,
        149,
        684,
        228
    ],
    "1-18": [
        719,
        149,
        798,
        228
    ],
    "1-19": [
        833,
        149,
        912,
        228
    ],
    "1-20": [
        947,
        149,
        1026,
        228
    ],
    "1-21": [
        1061,
        149,
        1140,
        228
    ],
    "1-22": [
        1175,
        149,
        1254,
        228
    ],
    "1-23": [
        35,
        263,
        114,
        342
    ],
    "1-24": [
        149,
        263,
        228,
        342
    ],
    "1-25": [
        263,
        263,
        342,
        342
    ],
    "1-26": [
        377,
        263,
        456,
        342
    ],
    "1-27": [
        491,
        263,
        570,
        342
    ],
    "2-1": [
        35,
        407,
        114,
        486
    ],
    "2-2": [
        149,
        407,
        228,
        486
    ],
    "2-3": [
        263,
        407,
        342,
        486
    ],
    "2-4": [
        377,
        407,
        456,
        486
    ],
    "2-5": [
        491,
        407,
        570,
        486
    ],
    "2-6": [
        605,
        407,
        684,
        486
    ],
    "2-7": [
        719,
        407,
        798,
        486
    ],
    "2-8": [
        833,
        407,
        912,
        486
    ],
    "2-9": [
        947,
        407,
        1026,
        486
    ],
    "2-10": [
        1061,
        407,
        1140,
        486
    ],
    "2-11": [
        1175,
        407,
        1254,
        486
    ],
    "2-12": [
        35,
        521,
        114,
        600
    ],
    "2-13": [
        149,
        521,
        228,
        600
    ],
    "2-14": [
        263,
        521,
        342,
        600
    ],
    "2-15": [
        377,
        521,
        456,
        600
    ],
    "2-16": [
        491,
        521,
        570,
        600
    ],
    "2-17": [
        605,
        521,
        684,
        600
    ],
    "2-18": [
        719,
        521,
        798,
        600
    ],
    "2-19": [
        833,
        521,
        912,
        600
    ],
    "2-20": [
        947,
        521,
        1026,
        600
    ],
    "2-21": [
        1061,
        521,
        1140,
        600
    ],
    "2-22": [
        1175,
        521,
        1254,
        600
    ],
    "2-23": [
        35,
        635,
        114,
        714
    ],
    "2-24": [
        149,
        635,
        228,
        714
    ],
    "2-25": [
        263,
        635,
        342,
        714
    ],
    "2-26": [
        377,
        635,
        456,
        714
    ],
    "2-27": [
        491,
        635,
        570,
        714
    ],
    "2-28": [
        605,
        635,
        684,
        714
    ],
    "2-29": [
        719,
        635,
        798,
        714
    ],
    "2-30": [
        833,
        635,
        912,
        714
    ],
    "2-31": [
        947,
        635,
        1026,
        714
    ],
    "3-1": [
        35,
        779,
        114,
        858
    ],
    "3-2": [
        149,
        779,
        228,
        858
    ],
    "3-3": [
        263,
        779,
        342,
        858
    ],
    "3-4": [
        377,
        779,
        456,
        858
    ],
    "3-5": [
        491,
        779,
        570,
        858
    ],
    "3-6": [
        605,
        779,
        684,
        858
    ],
    "3-7": [
        719,
        779,
        798,
        858
    ],
    "3-8": [
        833,
        779,
        912,
        858
    ],
    "3-9": [
        947,
        779,
        1026,
        858
    ],
    "3-10": [
        35,
        928,
        114,
        1007
    ],
    "3-11": [
        149,
        928,
        228,
        1007
    ],
    "3-12": [
        263,
        928,
        342,
        1007
    ],
    "3-13": [
        377,
        928,
        456,
        1007
    ],
    "3-14": [
        491,
        928,
        570,
        1007
    ],
    "3-15": [
        605,
        928,
        684,
        1007
    ],
    "3-16": [
        719,
        928,
        798,
        1007
    ],
    "3-17": [
        833,
        928,
        912,
        1007
    ],
    "3-18": [
        947,
        928,
        1026,
        1007
    ],
    "3-19": [
        1061,
        928,
        1140,
        1007
    ],
    "3-20": [
        1175,
        928,
        1254,
        1007
    ],
    "3-21": [
        35,
        1042,
        114,
        1121
    ],
    "3-22": [
        149,
        1042,
        228,
        1121
    ],
    "3-23": [
        263,
        1042,
        342,
        1121
    ],
    "3-24": [
        377,
        1042,
        456,
        1121
    ],
    "3-25": [
        491,
        1042,
        570,
        1121
    ],
    "3-26": [
        605,
        1042,
        684,
        1121
    ],
    "3-27": [
        719,
        1042,
        798,
        1121
    ],
    "3-28": [
        833,
        1042,
        912,
        1121
    ],
    "3-29": [
        947,
        1042,
        1026,
        1121
    ],
    "3-30": [
        1061,
        1042,
        1140,
        1121
    ],
    "3-31": [
        1175,
        1042,
        1254,
        1121
    ],
    "3-32": [
        35,
        1156,
        114,
        1235
    ]
}